fhfb,20228450
ahee,20229627
fdif,20223116
aijh,20224119
hgie,20220750
fhfe,20228483
hfii,20228586
ejah,20228535
gbjf,20229322
accd,20229805
caia,20220055
gaea,20225381
ggbj,20223831
ajch,20228728
cbcc,20225041
ggec,20229817
eecc,20229749
bgjf,20222047
aijc,20228136
fcja,20226980
ieeg,20226236
hhfh,20223350
jbbi,20222893
bjfa,20225473
aefg,20222794
hbij,20226731
gdab,20225270
cbgf,20222680
abab,20221661
hdae,20228427
ibhd,20220606
gijf,20220046
cifa,20229602
cffj,20223761
iihg,20220211
ifbh,20227399
gebj,20228193
caej,20220477
igia,20221253
babj,20226855
aigg,20225447
bhff,20229153
igai,20226914
ebfc,20226213
hjfd,20222711
hjde,20225651
gfaf,20222660
cffg,20227393
fbac,20220919
egbc,20226811
jeid,20229140
feee,20227970
fgce,20224007
bgbb,20224734
fcia,20223559
jegg,20223374
chai,20227725
geaj,20223628
aahb,20227027
iebc,20227627
fiac,20224257
dceb,20227772
cbcb,20223131
gifa,20220554
jedg,20227685
ggad,20221269
dgii,20221078
hjcf,20220773
eihc,20222780
hbhj,20229475
fead,20225603
ejcb,20228120
jhcj,20220546
jfff,20220203
hghb,20220181
eica,20224226
hiha,20226593
jjag,20228508
eefa,20224312
cijg,20228846
gfbe,20221281
hffj,20221264
jgdf,20227799
jajc,20224960
hegh,20225792
jfhh,20225342
cdhj,20223722
jfbe,20220677
ijee,20224779
ebjc,20223475
ghjf,20227798
aiaf,20223129
cedc,20223488
acbd,20223985
jfcg,20224630
jage,20226186
bcif,20229463
ejeh,20229240
eaic,20225786
iihi,20220148
caac,20225724
aihe,20228600
bahd,20229180
bicb,20223364
aeej,20224276
hjfa,20220592
jjga,20224597
aefc,20223436
cjbi,20222729
badd,20224024
bcff,20222424
aicf,20224623
abcg,20220811
cech,20221970
bigh,20222023
dhgi,20222230
agfb,20220669
eeeg,20226068
aded,20221636
hdhb,20222748
bgah,20224598
haej,20220513
jcgf,20221871
fhdc,20229990
cgdi,20225092
ffdc,20227258
debb,20227587
bchh,20228291
bici,20227325
cafc,20224396
ejbi,20220615
fjge,20221137
ccfe,20226917
acea,20229424
hfch,20226510
iaaf,20228921
biig,20225976
hccc,20222513
ecbe,20223570
degd,20224118
ejdb,20226030
icee,20220299
bhje,20221754
fbig,20228123
bjcc,20229442
jfih,20229158
ciig,20229045
fadf,20227129
abba,20227594
cjff,20225559
hehb,20224301
gdcd,20221989
hiad,20223168
adhi,20221621
gjae,20229167
gehh,20226342
cicb,20226643
jjgg,20223028
daie,20224771
daaf,20229418
bgij,20229175
bica,20228707
fgeb,20226287
ccii,20227332
bgch,20229249
bcbc,20224350
ccic,20224379
icje,20228079
fhha,20224069
ffdf,20220088
gcda,20222373
cdej,20227031
fjai,20226442
ceeh,20221892
caai,20225391
ghaf,20224433
gfjf,20224057
bhfa,20221268
ahgi,20224545
abec,20229997
cdbf,20225779
fafj,20224207
gchc,20222522
hdje,20226694
baeb,20226353
hdcf,20220862
fhfg,20229902
cahg,20223642
cbei,20226331
dbde,20223741
ceic,20227636
daba,20221027
ieie,20228286
daca,20228892
dafb,20227464
afjf,20222945
hfgh,20221088
chhi,20224724
cgbh,20220784
bagb,20224141
edhg,20227453
jiib,20222395
bddj,20229051
ahej,20228548
jfha,20227989
gded,20226484
jcjf,20228650
ihdb,20221653
cabe,20224422
gedg,20224391
bieb,20229183
hjgf,20221176
gahf,20222716
bdbj,20221990
cgfd,20224249
ejbb,20226546
cdge,20225189
dcde,20225247
cbfj,20222211
chbc,20221562
jhha,20222487
hihg,20229756
hdge,20223981
ddef,20226613
daif,20222445
cgaf,20223334
fehj,20223780
fcgb,20220484
bhgh,20226684
bgae,20225150
hfha,20220279
eafa,20226387
ejcc,20222348
dgbd,20227972
ihgb,20227443
cjhb,20220843
dffc,20229496
cfde,20229198
chii,20220333
egbj,20224760
dhbg,20226775
ebjh,20228639
gbei,20228844
jhhd,20228917
beeh,20229611
ggaa,20220680
aaii,20228872
gidg,20220882
gbbg,20226516
hecd,20222811
gfec,20229030
jheg,20225979
gjfj,20229917
gdgc,20229384
afed,20225612
dfdh,20226668
hada,20220941
cccb,20222873
bdia,20226717
djeg,20229951
hdfi,20228321
cfbi,20224270
cibg,20221673
gidf,20220878
fdfb,20222847
hjbb,20227763
jede,20223742
afej,20225505
hjjj,20224327
bifj,20225530
jdhg,20227910
baae,20227955
efha,20223517
gici,20221833
ghga,20227010
bgja,20227706
feei,20225805
hidd,20223912
gcac,20227070
jicb,20220216
jejj,20227445
ejje,20226220
hgjb,20224495
bjhd,20228988
heff,20227746
cfhi,20223569
bedh,20223834
cbda,20221520
ihif,20226784
cahj,20221121
dice,20225302
babi,20223700
bgad,20226132
egjh,20221855
jcbh,20221437
fbef,20228503
hiie,20220552
ccfg,20225936
jgbg,20225118
jjda,20222199
idfi,20229743
hjfe,20229309
cddg,20227836
gbdd,20220493
ahhe,20224503
agbf,20227653
bigf,20229595
dbbi,20220395
ahjb,20225390
gaff,20228368
jjih,20228055
cibb,20224049
edba,20222334
bajd,20220566
ahha,20226201
deia,20227507
fgig,20229705
efhi,20225152
gfff,20227633
fhie,20222504
ejfh,20220800
dchd,20229063
eiec,20229569
bjbc,20221116
ihid,20228502
hagf,20220930
adee,20222949
iadf,20224909
ecfd,20226552
chdd,20223726
gcfi,20229564
edij,20222132
iicb,20223671
adcf,20220918
fjbh,20220501
jhjj,20220288
hgci,20224354
ffad,20223349
jefd,20220276
bjdd,20225022
agag,20228624
ifhj,20229292
fefi,20220900
gjcd,20223554
fejb,20225136
gaah,20225347
jecb,20227876
hfec,20227227
dahd,20226231
cgbf,20223820
dcid,20222448
giie,20220066
cahh,20227137
icdf,20225404
bajb,20228950
dgej,20223877
jgeg,20228972
gfdd,20226339
hffg,20221451
biff,20221627
fdeb,20224373
aejh,20222858
fjeh,20223533
igbi,20227117
abbh,20227166
jchb,20229687
cfhc,20221276
ffee,20229196
aiga,20222425
gagj,20227404
cfff,20225465
idih,20221900
aagg,20222972
fgdj,20224458
gadh,20223777
dcci,20222252
hach,20221559
giaf,20225939
gjee,20220913
hade,20227090
eefc,20224873
bcab,20221976
fjfc,20229911
ieaj,20224426
jdcj,20220506
cffb,20227620
iffb,20225540
fghd,20220331
jeec,20228620
djbj,20223540
jjcc,20229321
ihhh,20225856
aaeg,20223034
iegd,20220519
jifj,20222849
gjfh,20228095
iefa,20224765
ifbg,20220835
idhe,20226655
fffh,20229558
chcd,20226021
acfh,20224705
jibj,20224561
hdgh,20229708
cbgj,20227609
ihjh,20223085
faii,20229447
ddbh,20228074
ahih,20229993
gfjg,20222194
eghi,20228697
dchg,20226913
agai,20229689
dffi,20228666
dfia,20223663
efdh,20224707
facf,20224588
eafj,20222962
dggb,20224826
cdih,20220512
iffd,20223662
fecc,20224732
jiea,20229199
dhdi,20225314
aahi,20225071
cadd,20229824
edcg,20225701
fcjc,20225025
dcef,20229620
gijj,20220130
afij,20223433
fgdg,20223437
fhhb,20229714
djba,20225888
gfgf,20228113
hidb,20223873
dbhi,20226016
gffa,20224731
ggdc,20227108
cfga,20220820
ijji,20224944
dcge,20222809
gejg,20227677
bdba,20226549
fdgj,20227418
cfgc,20224106
jdgc,20229717
jgci,20229452
effh,20221443
bbcg,20222584
abhj,20220770
gfia,20220458
ided,20226184
cfad,20221474
egei,20222417
cbgc,20221133
jaeg,20228720
eeaa,20226940
hdih,20225294
dajh,20229278
hdff,20225775
hbjh,20221309
degb,20222717
fhgg,20226970
daid,20222549
iggf,20220237
icai,20227805
acbb,20225882
gfgb,20221757
fafa,20229194
ccae,20228635
hjbj,20220156
abdj,20227118
idcj,20220604
cfdi,20220753
ggjf,20221523
gggi,20224671
bbag,20226389
gaeg,20228332
ajcc,20227106
ajbg,20229895
difg,20225645
gdhh,20227670
iaij,20225333
bfjc,20228296
hiee,20229369
hfgi,20220771
ehcd,20225039
hdfh,20222201
iegh,20227667
afjg,20226877
bjca,20225421
gigg,20223467
ajgf,20228777
dhja,20220756
aiid,20228957
ciic,20225630
ahaa,20220522
bfgd,20224248
giig,20228239
ajia,20221747
aijb,20224329
hbgj,20228353
ehdj,20220875
beie,20226626
hdib,20227169
cghj,20229382
cdai,20228766
aeia,20222781
daia,20225585
aige,20223206
fabh,20222831
ahbe,20221419
feea,20226678
cbhg,20225305
figb,20221736
ehfb,20223792
hbci,20229283
ahab,20229804
figh,20229727
jgig,20227872
jhjf,20221417
dhbe,20227375
jjfi,20221859
aiff,20224973
acdf,20224342
dcbc,20223520
caee,20223225
jjae,20227512
bhfi,20229241
bdgj,20221160
ehhg,20226396
becb,20225102
ffdh,20221328
ijjj,20226028
aecg,20222256
ecig,20223534
jaah,20228877
djce,20221315
ggab,20220559
cdfa,20223791
ibie,20222467
debg,20221329
fabi,20225036
ccba,20224874
ggbf,20223968
aajd,20221924
hbaj,20224440
agge,20227402
aieg,20222742
ijej,20229921
jagi,20229323
bigi,20223510
fiah,20225685
biih,20226812
aeba,20225628
aeha,20223425
egec,20228542
cbfh,20225012
hgcd,20223725
habc,20222541
hfei,20224889
bjhf,20223046
iicj,20229517
fidd,20220475
babh,20225361
aejf,20228075
jhbj,20229967
fede,20229100
edbc,20229238
fjcf,20228618
ibgf,20226949
aehd,20225617
dhbf,20228684
abeg,20223265
ggjd,20228246
achf,20226165
hcab,20223022
ejhg,20227572
agid,20229291
hfbj,20227000
iifa,20224680
fhbi,20220280
fjba,20227055
ecdg,20223324
gfhg,20224384
